Kit_Key,Kit_Main_SKU,Component_SKU,Description,Requirement,Qty_Rule,Qty_Value,Channels_Per_CMU,Alternate_SKU,Confidence,Source_Row,Notes
ibms15,100916,100916,i-BMS15/6,main,fixed,1,,,vendor_config,i-BMS config!3,"Main product. /6 = up to 6 battery packs in parallel with Hot Swap per official product page (lithiumbalance.com/products/i-bms15/); 8-15 voltage channels; NOT daisy-chained boards"
ibms15,100916,100980,i-BMS15 Wire harness kit SINGLE PACK,optional,fixed,1,,,vendor_config,i-BMS config!4,"Optional - can be sourced externally"
ibms15,100916,100981,i-BMS15 Wire harness kit PARALLEL PACK,optional,fixed,0,,,vendor_config,i-BMS config!5,"Optional - can be sourced externally. 2026-07-25 vendor config: qty 0 (was 2) - line starts at 0, preparer raises it for parallel-pack configurations"
ibms15,100916,200100,i-BMS Unified Creator License FULL,required,fixed,1,,,vendor_config,i-BMS config!6,"1 user"
ibms15,100916,100545,Peak CAN adapter for n- and c-BMS,required_removable,fixed,1,,,vendor_config,i-BMS config!7,"Necessary for software setup but customer may already own one (meeting R5) - defaults on the quote, removable. 2026-07-25 vendor config adds: check if the customer already has one"
cbms24,100924,100924,c-BMS24,main,fixed,1,,,vendor_config,c-BMS24 config!3,"Main product; up to 24 cells (lithiumbalance.com/products/c-bms24/)"
cbms24,100924,100930,c-BMS24 Wire harness kit I/O 16w,optional,fixed,0,,,vendor_config,c-BMS24 config!4,"Optional - can be sourced externally. 2026-07-25 vendor config: qty 0 (was 1) - line starts at 0, preparer raises it"
cbms24,100924,100931,c-BMS24 Wire harness kit bat temperature and shunt 20w,optional,fixed,0,,,vendor_config,c-BMS24 config!5,"Optional - can be sourced externally. 2026-07-25 vendor config: qty 0 (was 1) - line starts at 0, preparer raises it"
cbms24,100924,100932,c-BMS24 Wire harness kit cell voltage monitoring wire 32w,optional,fixed,0,,,vendor_config,c-BMS24 config!6,"Optional - can be sourced externally. 2026-07-25 vendor config: qty 0 (was 1) - line starts at 0, preparer raises it"
cbms24,100924,100684,Compact shunt (500A/50mV),optional,fixed,0,,,vendor_config,c-BMS24 config!7,"Optional - can be sourced externally. 2026-07-25 vendor config: qty 0 (was 1) - line starts at 0, preparer raises it"
cbms24,100924,200300,c-BMS24X Unified Creator License FULL,required,fixed,1,,,vendor_config,c-BMS24 config!8,"1 user. Q1 RESOLVED 2026-07-25: vendor config reaffirms 200300 (marked NECESSARY) for the c-BMS24 kit even though 200200 exists at identical pricing - quote 200300"
cbms24,100924,100545,Peak CAN adapter for n- and c-BMS,required_removable,fixed,1,,,vendor_config,c-BMS24 config!9,"Necessary for software setup but customer may already own one (meeting R5) - defaults on the quote, removable"
cbms24x,100925,100925,c-BMS24X,main,fixed,1,,,vendor_config,c-BMS24X config!3,"Main product; up to 24 cells, parallel support up to 10 packs (lithiumbalance.com/products/c-bms24x/)"
cbms24x,100925,100930,c-BMS24 Wire harness kit I/O 16w,optional,fixed,0,,,vendor_config,c-BMS24X config!4,"Optional - can be sourced externally. 2026-07-25 vendor config: qty 0 (was 1) - line starts at 0, preparer raises it"
cbms24x,100925,100931,c-BMS24 Wire harness kit bat temperature and shunt 20w,optional,fixed,0,,,vendor_config,c-BMS24X config!5,"Optional - can be sourced externally. 2026-07-25 vendor config: qty 0 (was 1) - line starts at 0, preparer raises it"
cbms24x,100925,100932,c-BMS24 Wire harness kit cell voltage monitoring wire 32w,optional,fixed,0,,,vendor_config,c-BMS24X config!6,"Optional - can be sourced externally. 2026-07-25 vendor config: qty 0 (was 1) - line starts at 0, preparer raises it"
cbms24x,100925,100684,Compact shunt (500A/50mV),optional,fixed,0,,,vendor_config,c-BMS24X config!7,"Optional - can be sourced externally. 2026-07-25 vendor config: qty 0 (was 1) - line starts at 0, preparer raises it"
cbms24x,100925,200300,c-BMS24X Unified Creator License FULL,required,fixed,1,,,vendor_config,c-BMS24X config!8,"1 user; family-correct for this kit"
cbms24x,100925,100545,Peak CAN adapter for n- and c-BMS,required_removable,fixed,1,,,vendor_config,c-BMS24X config!9,"Necessary for software setup but customer may already own one (meeting R5) - defaults on the quote, removable"
nbms_cmu12,100807,100807,n-BMS Master Control Unit (MCU-PCBA) w/o CAN Term. Resist>500V,main,fixed,1,,100800,vendor_config,n-BMS w 100809!4,"Main product (vendor sheet has no explicit main marker for this kit). Without CAN termination for partial parallel pack support; alternate 100800 is with CAN termination"
nbms_cmu12,100807,100809,n-BMS CMU12/2 top mount isoSPI - 200mA balancing current,required,cmu_from_series_cells,,12,,datasheet_confirmed,n-BMS w 100809!5,"Vendor qty 1 - 30; qty = ceil(series_cells/12). Official n-BMS page: 4-12 cells per CMU, 1-32 CMUs, 384 series cells max (lithiumbalance.com/products/n-bms/); vendor config example: 8 in a 96 channel system"
nbms_cmu12,100807,100802,LiBAL n-BMS Wire harness kit for MCU,optional,match_mcu_qty,,,,vendor_config,n-BMS w 100809!6,"Optional. Same amount as MCUs. 2026-07-25 vendor config confirms: SHOULD AUTO DEFAULT TO 100807 QTY"
nbms_cmu12,100807,100985.1,LiBAL n-BMS CMU12/2 100809 wireharness kit (1700mm) shielded com cable,optional,match_cmu_qty,,,,vendor_config,n-BMS w 100809!7,"Optional. Same amount as number of CMUs (vendor qty 1 - 30)"
nbms_cmu12,100807,100684,Compact shunt (500A/50mV),optional,fixed,0,,,vendor_config,n-BMS w 100809!8,"Optional. 2026-07-25 vendor config: qty 0 (was 1) - line starts at 0, preparer raises it"
nbms_cmu12,100807,200500,n-BMS Unified Creator License FULL,required,fixed,1,,,vendor_config,n-BMS w 100809!9,"1 user"
nbms_cmu12,100807,100545,Peak CAN adapter for n- and c-BMS,required_removable,fixed,1,,,vendor_config,n-BMS w 100809!10,"Necessary for software setup but customer may already own one (meeting R5) - defaults on the quote, removable"
n3bms_cmu12,100816,100816,n3-BMS MCU,main,fixed,1,,,vendor_config,n3-BMS w 100809!2,"Main product"
n3bms_cmu12,100816,100809,n-BMS CMU12/2 top mount isoSPI - 200mA balancing current,required,cmu_from_series_cells,,12,,datasheet_confirmed,n3-BMS w 100809!3,"Vendor qty 1 - 30; qty = ceil(series_cells/12). Official n3-BMS page: CMU channels 6-12 (lithiumbalance.com/products/n3-bms-battery-management-system-bms/); vendor config example: 8 in a 96 channel system"
n3bms_cmu12,100816,100987,LiBAL n3-BMS MCU wirekit,optional,match_mcu_qty,,,,vendor_config,n3-BMS w 100809!4,"Optional. Same amount as MCUs"
n3bms_cmu12,100816,100985.1,LiBAL n-BMS CMU12/2 100809 wireharness kit (1700mm) shielded com cable,optional,match_cmu_qty,,,,vendor_config,n3-BMS w 100809!5,"Optional. Same amount as number of CMUs"
n3bms_cmu12,100816,000637,LEM Sensor DHAB- S/106 (20A/500A CH1/CH2 automotive),optional,fixed,0,,,vendor_config,n3-BMS w 100809!6,"Optional. 2026-07-25 vendor config: qty 0 (was match-MCU) - line starts at 0, preparer raises it; the vendor comment still reads same amount as MCU. Hall sensors with other current capabilities are available"
n3bms_cmu12,100816,100683,Compact shunt (300A/50mV),optional,fixed,0,,,pending_business,n3-BMS w 100809!7,"not_in_rsp_unquotable: SKU absent from the July 2026 RSP / Item_Master import preview - excluded from autofill until priced or replaced (nearest priced alternative: 100684 500A/50mV). 2026-07-25 vendor config still lists it, now at qty 0"
n3bms_cmu12,100816,200600,n3-BMS Unified Creator License FULL,required,fixed,1,,,vendor_config,n3-BMS w 100809!8,"1 user. 2026-07-25 vendor config CHANGE: n3 kits move from 200500 (n-BMS license) to the family-correct 200600; priced in the July 2026 RSP at 2415.00 list"
n3bms_cmu12,100816,100545,Peak CAN adapter for n- and c-BMS,required_removable,fixed,1,,,vendor_config,n3-BMS w 100809!9,"Necessary for software setup but customer may already own one (meeting R5) - defaults on the quote, removable"
n3bms_cmu18,100816,100816,n3-BMS MCU,main,fixed,1,,,vendor_config,n3-BMS w 101814!3,"Main product"
n3bms_cmu18,100816,101814,n3-BMS CMU18/4 Flex top mount isoSPI - 200mA balancing current (RELEASE Q3/2026),required,cmu_from_series_cells,,18,,pending_datasheet,n3-BMS w 101814!4,"Vendor qty 1 - 30; qty = ceil(series_cells/18) per vendor config example only (6 pcs CMU18 in a 96 channel system). NO official Lithium Balance page or datasheet documents CMU18 as of 2026-07-07 - do not treat as engineering-confirmed. Item_Status=Not_Released in import preview - Quote_Warning applies"
n3bms_cmu18,100816,100987,LiBAL n3-BMS MCU wirekit,optional,match_mcu_qty,,,,vendor_config,n3-BMS w 101814!5,"Optional. Same amount as MCUs"
n3bms_cmu18,100816,103006,n-BMS CMU18/4 101814 Wire harness kit (1000mm) shielded com cable,optional,match_cmu_qty,,,,vendor_config,n3-BMS w 101814!6,"Optional. Same amount as number of CMUs. Q2 RESOLVED 2026-07-25: vendor config replaces the CMU12 harness 100985.1 with the family-correct 103006 on this kit"
n3bms_cmu18,100816,100684,Compact shunt (500A/50mV),optional,fixed,0,,,vendor_config,n3-BMS w 101814!7,"Optional. 2026-07-25 vendor config: qty 0 (was match-MCU) - line starts at 0, preparer raises it; the vendor comment still reads same amounts as MCU"
n3bms_cmu18,100816,000637,LEM Sensor DHAB- S/106 (20A/500A CH1/CH2 automotive),optional,fixed,0,,,vendor_config,n3-BMS w 101814!8,"Optional. 2026-07-25 vendor config: qty 0 (was match-MCU) - line starts at 0, preparer raises it; Hall sensors with other current capabilities are available"
n3bms_cmu18,100816,200600,n3-BMS Unified Creator License FULL,required,fixed,1,,,vendor_config,n3-BMS w 101814!9,"1 user. 2026-07-25 vendor config CHANGE: n3 kits move from 200500 (n-BMS license) to the family-correct 200600"
n3bms_cmu18,100816,100545,Peak CAN adapter for n- and c-BMS,required_removable,fixed,1,,,vendor_config,n3-BMS w 101814!10,"Necessary for software setup but customer may already own one (meeting R5) - defaults on the quote, removable"
